series_ticker,market_ticker,end_period_ts,end_period_utc,volume,open_interest,price_open,price_high,price_low,price_close,yes_bid_close,yes_ask_close
KXB200W,KXB200W-26SEP04-6.01,1787976000,2026-08-29T04:00:00+00:00,0.00,0.00,,,,,0.4500,0.5500
KXB200W,KXB200W-26SEP04-6.01,1788062400,2026-08-30T04:00:00+00:00,0.00,0.00,,,,,0.4900,0.5900
KXH200MAX,KXH200MAX-26DEC31-6.690,1785556800,2026-08-01T04:00:00+00:00,235.52,1194.53,0.2400,0.4600,0.2300,0.4000,0.1500,0.4000
KXH200MAX,KXH200MAX-26DEC31-6.690,1785643200,2026-08-02T04:00:00+00:00,30.00,1216.53,0.3200,0.3200,0.3200,0.3200,0.3400,0.3700
KXH200MAX,KXH200MAX-26DEC31-6.690,1785729600,2026-08-03T04:00:00+00:00,31.00,1197.53,0.3700,0.3700,0.2900,0.3700,0.2000,0.3700
KXH200MAX,KXH200MAX-26DEC31-6.690,1785816000,2026-08-04T04:00:00+00:00,0.00,1197.53,,,,,0.2700,0.3700
KXH200MAX,KXH200MAX-26DEC31-6.690,1785902400,2026-08-05T04:00:00+00:00,5.00,1202.53,0.3700,0.3700,0.3700,0.3700,0.4100,0.7900
KXH200MAX,KXH200MAX-26DEC31-6.690,1785988800,2026-08-06T04:00:00+00:00,0.00,1202.53,,,,,0.3000,0.6100
KXH200MAX,KXH200MAX-26DEC31-6.690,1786075200,2026-08-07T04:00:00+00:00,0.00,1202.53,,,,,0.3400,0.5500
KXH200MAX,KXH200MAX-26DEC31-6.690,1786161600,2026-08-08T04:00:00+00:00,0.00,1202.53,,,,,0.3500,0.5500
KXH200MAX,KXH200MAX-26DEC31-6.690,1786248000,2026-08-09T04:00:00+00:00,0.00,1202.53,,,,,0.3600,0.5500
KXH200MAX,KXH200MAX-26DEC31-6.690,1786334400,2026-08-10T04:00:00+00:00,2.00,1202.53,0.3600,0.3600,0.3600,0.3600,0.3600,0.4800
KXH200MAX,KXH200MAX-26DEC31-6.690,1786420800,2026-08-11T04:00:00+00:00,2.00,1202.53,0.3800,0.3800,0.3800,0.3800,0.3800,0.3900
KXH200MAX,KXH200MAX-26DEC31-6.690,1786507200,2026-08-12T04:00:00+00:00,212.14,1323.23,0.3900,0.3900,0.1900,0.2900,0.2400,0.2900
KXH200MAX,KXH200MAX-26DEC31-6.690,1786593600,2026-08-13T04:00:00+00:00,16.00,1334.23,0.2900,0.2900,0.2700,0.2700,0.5600,0.5700
KXH200MAX,KXH200MAX-26DEC31-6.690,1786680000,2026-08-14T04:00:00+00:00,45.14,1325.07,0.5600,0.5700,0.5500,0.5700,0.5600,0.5700
KXH200MAX,KXH200MAX-26DEC31-6.690,1786766400,2026-08-15T04:00:00+00:00,4.65,1320.42,0.5600,0.5600,0.5600,0.5600,0.5600,0.5700
KXH200MAX,KXH200MAX-26DEC31-6.690,1786852800,2026-08-16T04:00:00+00:00,73.48,1306.97,0.5500,0.6000,0.5300,0.6000,0.5400,0.5500
KXH200MAX,KXH200MAX-26DEC31-6.690,1787025600,2026-08-18T04:00:00+00:00,22.00,1307.44,0.5500,0.5600,0.5500,0.5600,0.5700,0.6200
KXH200MAX,KXH200MAX-26DEC31-6.690,1787112000,2026-08-19T04:00:00+00:00,9.14,1316.58,0.6400,0.6400,0.6400,0.6400,0.5800,0.6400
KXH200MAX,KXH200MAX-26DEC31-6.690,1787198400,2026-08-20T04:00:00+00:00,9.14,1316.11,0.5700,0.5700,0.5700,0.5700,0.5600,0.6100
KXH200MAX,KXH200MAX-26DEC31-6.690,1787284800,2026-08-21T04:00:00+00:00,36.15,1352.26,0.6200,0.6200,0.6200,0.6200,0.5600,0.6200
KXH200MAX,KXH200MAX-26DEC31-6.690,1787371200,2026-08-22T04:00:00+00:00,15.98,1352.26,0.5600,0.5600,0.5600,0.5600,0.5400,0.6100
KXH200MAX,KXH200MAX-26DEC31-6.690,1787457600,2026-08-23T04:00:00+00:00,6.00,1352.26,0.6000,0.6000,0.6000,0.6000,0.5700,0.6000
KXH200MAX,KXH200MAX-26DEC31-6.690,1787544000,2026-08-24T04:00:00+00:00,3.00,1352.59,0.6000,0.6000,0.6000,0.6000,0.5900,0.8300
KXH200MAX,KXH200MAX-26DEC31-6.690,1787630400,2026-08-25T04:00:00+00:00,0.00,1352.59,,,,,0.5500,0.5800
KXH200MAX,KXH200MAX-26DEC31-6.690,1787716800,2026-08-26T04:00:00+00:00,0.00,1352.59,,,,,0.5100,0.5800
KXH200MAX,KXH200MAX-26DEC31-6.690,1787803200,2026-08-27T04:00:00+00:00,1.00,1353.59,0.5700,0.5700,0.5700,0.5700,0.5500,0.5700
KXH200MAX,KXH200MAX-26DEC31-6.690,1787889600,2026-08-28T04:00:00+00:00,0.00,1353.59,,,,,0.5200,0.5700
KXH200MAX,KXH200MAX-26DEC31-6.690,1787976000,2026-08-29T04:00:00+00:00,0.00,1353.59,,,,,0.5200,0.5700
KXH200MAX,KXH200MAX-26DEC31-6.690,1788062400,2026-08-30T04:00:00+00:00,100.00,1253.59,0.5200,0.5200,0.5100,0.5100,0.5200,0.5700
KXH200MAX,KXH200MAX-26DEC31-6.390,1785556800,2026-08-01T04:00:00+00:00,95.00,1524.02,0.4100,0.5600,0.4100,0.5600,0.3300,0.8200
KXH200MAX,KXH200MAX-26DEC31-6.390,1785643200,2026-08-02T04:00:00+00:00,161.99,1535.12,0.4500,0.5700,0.3000,0.4500,0.4100,0.4200
KXH200MAX,KXH200MAX-26DEC31-6.390,1785729600,2026-08-03T04:00:00+00:00,141.02,1554.66,0.4200,0.4500,0.4200,0.4400,0.4300,0.4400
KXH200MAX,KXH200MAX-26DEC31-6.390,1785816000,2026-08-04T04:00:00+00:00,16.44,1562.10,0.4500,0.5000,0.4500,0.5000,0.4500,0.4900
KXH200MAX,KXH200MAX-26DEC31-6.390,1785902400,2026-08-05T04:00:00+00:00,2.00,1562.10,0.6700,0.6700,0.6700,0.6700,0.6500,0.7300
KXH200MAX,KXH200MAX-26DEC31-6.390,1785988800,2026-08-06T04:00:00+00:00,56.00,1562.10,0.6500,0.6500,0.6400,0.6400,0.5500,0.6300
KXH200MAX,KXH200MAX-26DEC31-6.390,1786075200,2026-08-07T04:00:00+00:00,15.65,1564.75,0.6300,0.7400,0.6300,0.6700,0.5500,0.5600
KXH200MAX,KXH200MAX-26DEC31-6.390,1786161600,2026-08-08T04:00:00+00:00,11.00,1575.75,0.5600,0.5600,0.5600,0.5600,0.5800,0.6900
KXH200MAX,KXH200MAX-26DEC31-6.390,1786248000,2026-08-09T04:00:00+00:00,2.00,1576.75,0.6900,0.7000,0.6900,0.7000,0.6900,0.7000
KXH200MAX,KXH200MAX-26DEC31-6.390,1786334400,2026-08-10T04:00:00+00:00,11.00,1587.75,0.7000,0.7000,0.7000,0.7000,0.7300,0.7400
KXH200MAX,KXH200MAX-26DEC31-6.390,1786507200,2026-08-12T04:00:00+00:00,58.88,1560.33,0.7300,0.7300,0.3900,0.6400,0.6400,0.6500
KXH200MAX,KXH200MAX-26DEC31-6.390,1786593600,2026-08-13T04:00:00+00:00,0.00,1560.33,,,,,0.6400,0.6500
KXH200MAX,KXH200MAX-26DEC31-6.390,1786680000,2026-08-14T04:00:00+00:00,5.92,1564.33,0.6400,0.6400,0.6400,0.6400,0.6300,0.6400
KXH200MAX,KXH200MAX-26DEC31-6.390,1786766400,2026-08-15T04:00:00+00:00,1.00,1563.33,0.6300,0.6300,0.6300,0.6300,0.6300,0.6400
KXH200MAX,KXH200MAX-26DEC31-6.390,1786852800,2026-08-16T04:00:00+00:00,71.92,1563.33,0.6500,0.6600,0.6500,0.6600,0.6400,0.6700
KXH200MAX,KXH200MAX-26DEC31-6.390,1786939200,2026-08-17T04:00:00+00:00,1.38,1563.33,0.6400,0.6400,0.6400,0.6400,0.6300,0.6400
KXH200MAX,KXH200MAX-26DEC31-6.390,1787025600,2026-08-18T04:00:00+00:00,1.38,1563.33,0.6500,0.6500,0.6500,0.6500,0.6200,0.7000
KXH200MAX,KXH200MAX-26DEC31-6.390,1787112000,2026-08-19T04:00:00+00:00,6.99,1570.32,0.7000,0.7000,0.7000,0.7000,0.6400,0.7000
KXH200MAX,KXH200MAX-26DEC31-6.390,1787198400,2026-08-20T04:00:00+00:00,7.99,1562.33,0.6300,0.6300,0.6200,0.6200,0.6500,0.7100
KXH200MAX,KXH200MAX-26DEC31-6.390,1787284800,2026-08-21T04:00:00+00:00,0.00,1562.33,,,,,0.6600,0.7300
KXH200MAX,KXH200MAX-26DEC31-6.390,1787371200,2026-08-22T04:00:00+00:00,35.00,1597.33,0.6800,0.6800,0.6800,0.6800,0.6100,0.6900
KXH200MAX,KXH200MAX-26DEC31-6.390,1787457600,2026-08-23T04:00:00+00:00,37.46,1591.33,0.6900,0.6900,0.6200,0.6400,0.6400,0.6800
KXH200MAX,KXH200MAX-26DEC31-6.390,1787544000,2026-08-24T04:00:00+00:00,0.00,1591.33,,,,,0.6600,0.7500
KXH200MAX,KXH200MAX-26DEC31-6.390,1787630400,2026-08-25T04:00:00+00:00,0.00,1591.33,,,,,0.6600,0.7100
KXH200MAX,KXH200MAX-26DEC31-6.390,1787716800,2026-08-26T04:00:00+00:00,2.00,1591.33,0.6700,0.6700,0.6700,0.6700,0.6700,0.7000
KXH200MAX,KXH200MAX-26DEC31-6.390,1787803200,2026-08-27T04:00:00+00:00,4.61,1595.94,0.7500,0.7500,0.7500,0.7500,0.7000,0.7600
KXH200MAX,KXH200MAX-26DEC31-6.390,1787889600,2026-08-28T04:00:00+00:00,0.00,1595.94,,,,,0.7100,0.7700
KXH200MAX,KXH200MAX-26DEC31-6.390,1787976000,2026-08-29T04:00:00+00:00,0.00,1595.94,,,,,0.5600,0.6100
KXH200MAX,KXH200MAX-26DEC31-6.390,1788062400,2026-08-30T04:00:00+00:00,0.00,1595.94,,,,,0.5600,0.6000
KXH200MAX,KXH200MAX-26DEC31-6.090,1785556800,2026-08-01T04:00:00+00:00,152.37,1207.77,0.5700,0.7900,0.5700,0.7900,0.6900,0.7900
KXH200MAX,KXH200MAX-26DEC31-6.090,1785643200,2026-08-02T04:00:00+00:00,188.29,1240.51,0.7900,0.8000,0.5800,0.7200,0.6700,0.6800
KXH200MAX,KXH200MAX-26DEC31-6.090,1785729600,2026-08-03T04:00:00+00:00,182.87,1127.48,0.6800,0.6800,0.5100,0.5500,0.5100,0.5500
KXH200MAX,KXH200MAX-26DEC31-6.090,1785816000,2026-08-04T04:00:00+00:00,88.07,1215.55,0.5600,0.5600,0.4900,0.5300,0.5000,0.5100
KXH200MAX,KXH200MAX-26DEC31-6.090,1785902400,2026-08-05T04:00:00+00:00,157.78,1138.10,0.4900,0.8000,0.4900,0.7900,0.7900,0.8000
KXH200MAX,KXH200MAX-26DEC31-6.090,1785988800,2026-08-06T04:00:00+00:00,5.00,1135.10,0.7900,0.7900,0.7800,0.7800,0.7800,0.7900
KXH200MAX,KXH200MAX-26DEC31-6.090,1786075200,2026-08-07T04:00:00+00:00,14.00,1131.35,0.7800,0.7800,0.7400,0.7400,0.7200,0.7300
KXH200MAX,KXH200MAX-26DEC31-6.090,1786161600,2026-08-08T04:00:00+00:00,0.00,1131.35,,,,,0.7200,0.7300
KXH200MAX,KXH200MAX-26DEC31-6.090,1786248000,2026-08-09T04:00:00+00:00,13.00,1138.35,0.7300,0.7300,0.7300,0.7300,0.7200,0.7300
KXH200MAX,KXH200MAX-26DEC31-6.090,1786334400,2026-08-10T04:00:00+00:00,0.00,1138.35,,,,,0.7200,0.7300
KXH200MAX,KXH200MAX-26DEC31-6.090,1786420800,2026-08-11T04:00:00+00:00,0.13,1138.48,0.7300,0.7300,0.7300,0.7300,0.7200,0.7300
KXH200MAX,KXH200MAX-26DEC31-6.090,1786507200,2026-08-12T04:00:00+00:00,37.00,1137.98,0.7200,0.7300,0.6800,0.6800,0.6700,0.6800
KXH200MAX,KXH200MAX-26DEC31-6.090,1786593600,2026-08-13T04:00:00+00:00,33.00,1170.98,0.6800,0.6800,0.6800,0.6800,0.6900,0.7000
KXH200MAX,KXH200MAX-26DEC31-6.090,1786680000,2026-08-14T04:00:00+00:00,21.07,1182.98,0.6900,0.6900,0.6700,0.6700,0.6700,0.6800
KXH200MAX,KXH200MAX-26DEC31-6.090,1786766400,2026-08-15T04:00:00+00:00,0.00,1182.98,,,,,0.6700,0.6800
KXH200MAX,KXH200MAX-26DEC31-6.090,1786852800,2026-08-16T04:00:00+00:00,51.32,1182.98,0.7000,0.7500,0.7000,0.7500,0.6900,0.7400
KXH200MAX,KXH200MAX-26DEC31-6.090,1786939200,2026-08-17T04:00:00+00:00,0.00,1182.98,,,,,0.6900,0.7000
KXH200MAX,KXH200MAX-26DEC31-6.090,1787025600,2026-08-18T04:00:00+00:00,0.00,1182.98,,,,,0.6900,0.7600
KXH200MAX,KXH200MAX-26DEC31-6.090,1787112000,2026-08-19T04:00:00+00:00,0.00,1182.98,,,,,0.7100,0.7600
KXH200MAX,KXH200MAX-26DEC31-6.090,1787198400,2026-08-20T04:00:00+00:00,0.00,1182.98,,,,,0.7300,0.7900
KXH200MAX,KXH200MAX-26DEC31-6.090,1787284800,2026-08-21T04:00:00+00:00,37.12,1171.05,0.7900,0.8000,0.7400,0.7400,0.7400,0.7900
KXH200MAX,KXH200MAX-26DEC31-6.090,1787371200,2026-08-22T04:00:00+00:00,82.00,1246.05,0.7900,0.7900,0.7700,0.7700,0.7100,0.7800
KXH200MAX,KXH200MAX-26DEC31-6.090,1787457600,2026-08-23T04:00:00+00:00,0.00,1246.05,,,,,0.7500,0.7600
KXH200MAX,KXH200MAX-26DEC31-6.090,1787544000,2026-08-24T04:00:00+00:00,0.00,1246.05,,,,,0.7300,0.7900
KXH200MAX,KXH200MAX-26DEC31-6.090,1787630400,2026-08-25T04:00:00+00:00,0.00,1246.05,,,,,0.7600,0.7800
KXH200MAX,KXH200MAX-26DEC31-6.090,1787716800,2026-08-26T04:00:00+00:00,0.00,1246.05,,,,,0.7300,0.7800
KXH200MAX,KXH200MAX-26DEC31-6.090,1787803200,2026-08-27T04:00:00+00:00,0.00,1246.05,,,,,0.7300,0.7800
KXH200MAX,KXH200MAX-26DEC31-6.090,1787889600,2026-08-28T04:00:00+00:00,0.00,1246.05,,,,,0.7500,0.7800
KXH200MAX,KXH200MAX-26DEC31-6.090,1787976000,2026-08-29T04:00:00+00:00,0.00,1246.05,,,,,0.7300,0.7800
KXH200MAX,KXH200MAX-26DEC31-6.090,1788062400,2026-08-30T04:00:00+00:00,0.00,1246.05,,,,,0.7500,0.8000
KXH200MAX,KXH200MAX-26DEC31-5.790,1785556800,2026-08-01T04:00:00+00:00,282.97,1607.83,0.8000,0.9200,0.8000,0.9200,0.8000,0.9700
KXH200MAX,KXH200MAX-26DEC31-5.790,1785643200,2026-08-02T04:00:00+00:00,265.26,1620.91,0.8100,0.9500,0.8100,0.8700,0.8800,0.8900
KXH200MAX,KXH200MAX-26DEC31-5.790,1785729600,2026-08-03T04:00:00+00:00,305.20,1390.05,0.9100,0.9100,0.7800,0.7800,0.7800,0.7900
KXH200MAX,KXH200MAX-26DEC31-5.790,1785816000,2026-08-04T04:00:00+00:00,12.00,1390.05,0.7900,0.7900,0.7900,0.7900,0.7800,0.7900
KXH200MAX,KXH200MAX-26DEC31-5.790,1785902400,2026-08-05T04:00:00+00:00,1.00,1389.05,0.7800,0.7800,0.7800,0.7800,0.7900,0.8300
KXH200MAX,KXH200MAX-26DEC31-5.790,1785988800,2026-08-06T04:00:00+00:00,0.00,1389.05,,,,,0.8000,0.8100
KXH200MAX,KXH200MAX-26DEC31-5.790,1786075200,2026-08-07T04:00:00+00:00,0.00,1389.05,,,,,0.7900,0.8000
KXH200MAX,KXH200MAX-26DEC31-5.790,1786161600,2026-08-08T04:00:00+00:00,0.00,1389.05,,,,,0.7900,0.8000
KXH200MAX,KXH200MAX-26DEC31-5.790,1786248000,2026-08-09T04:00:00+00:00,17.00,1405.05,0.8000,0.8000,0.8000,0.8000,0.7900,0.8000
KXH200MAX,KXH200MAX-26DEC31-5.790,1786334400,2026-08-10T04:00:00+00:00,4.00,1405.05,0.7900,0.7900,0.7800,0.7800,0.7800,0.7900
KXH200MAX,KXH200MAX-26DEC31-5.790,1786420800,2026-08-11T04:00:00+00:00,1.00,1406.05,0.7900,0.7900,0.7900,0.7900,0.7700,0.7800
KXH200MAX,KXH200MAX-26DEC31-5.790,1786507200,2026-08-12T04:00:00+00:00,148.32,1499.37,0.7700,0.7700,0.7200,0.7400,0.7400,0.7500
KXH200MAX,KXH200MAX-26DEC31-5.790,1786593600,2026-08-13T04:00:00+00:00,65.00,1564.37,0.7400,0.7400,0.7400,0.7400,0.7300,0.7400
KXH200MAX,KXH200MAX-26DEC31-5.790,1786680000,2026-08-14T04:00:00+00:00,0.00,1564.37,,,,,0.7200,0.7300
KXH200MAX,KXH200MAX-26DEC31-5.790,1786766400,2026-08-15T04:00:00+00:00,129.05,1691.95,0.7300,0.7600,0.7300,0.7600,0.7400,0.7600
KXH200MAX,KXH200MAX-26DEC31-5.790,1786852800,2026-08-16T04:00:00+00:00,68.07,1654.82,0.7300,0.8000,0.7300,0.8000,0.7500,0.7600
KXH200MAX,KXH200MAX-26DEC31-5.790,1786939200,2026-08-17T04:00:00+00:00,0.00,1654.82,,,,,0.7500,0.7600
KXH200MAX,KXH200MAX-26DEC31-5.790,1787025600,2026-08-18T04:00:00+00:00,24.94,1648.20,0.7300,0.7300,0.7200,0.7200,0.7600,0.7900
KXH200MAX,KXH200MAX-26DEC31-5.790,1787112000,2026-08-19T04:00:00+00:00,1.00,1648.20,0.7900,0.7900,0.7900,0.7900,0.7600,0.7900
KXH200MAX,KXH200MAX-26DEC31-5.790,1787198400,2026-08-20T04:00:00+00:00,0.00,1648.20,,,,,0.7400,0.7900
KXH200MAX,KXH200MAX-26DEC31-5.790,1787284800,2026-08-21T04:00:00+00:00,2.00,1648.20,0.7900,0.7900,0.7900,0.7900,0.7200,0.7400
KXH200MAX,KXH200MAX-26DEC31-5.790,1787371200,2026-08-22T04:00:00+00:00,7.00,1648.20,0.7400,0.7400,0.7400,0.7400,0.7700,0.8000
KXH200MAX,KXH200MAX-26DEC31-5.790,1787457600,2026-08-23T04:00:00+00:00,0.00,1648.20,,,,,0.7500,0.7900
KXH200MAX,KXH200MAX-26DEC31-5.790,1787544000,2026-08-24T04:00:00+00:00,0.00,1648.20,,,,,0.7500,0.7600
KXH200MAX,KXH200MAX-26DEC31-5.790,1787630400,2026-08-25T04:00:00+00:00,0.00,1648.20,,,,,0.7500,0.7600
KXH200MAX,KXH200MAX-26DEC31-5.790,1787716800,2026-08-26T04:00:00+00:00,44.00,1648.20,0.7500,0.7500,0.7500,0.7500,0.7500,0.7600
KXH200MAX,KXH200MAX-26DEC31-5.790,1787803200,2026-08-27T04:00:00+00:00,0.00,1648.20,,,,,0.7500,0.7900
KXH200MAX,KXH200MAX-26DEC31-5.790,1787889600,2026-08-28T04:00:00+00:00,0.00,1648.20,,,,,0.7500,0.7700
KXH200MAX,KXH200MAX-26DEC31-5.790,1787976000,2026-08-29T04:00:00+00:00,12.04,1648.20,0.7700,0.7700,0.7700,0.7700,0.7500,0.7600
KXH200MAX,KXH200MAX-26DEC31-5.790,1788062400,2026-08-30T04:00:00+00:00,0.00,1648.20,,,,,0.7500,0.7600
KXNVDAA,KXNVDAA-28JANHEAD-56000,1786161600,2026-08-08T04:00:00+00:00,0.00,93.00,,,,,0.0400,0.1000
KXNVDAA,KXNVDAA-28JANHEAD-56000,1786248000,2026-08-09T04:00:00+00:00,0.00,93.00,,,,,0.0400,0.1000
KXNVDAA,KXNVDAA-28JANHEAD-56000,1786334400,2026-08-10T04:00:00+00:00,0.00,93.00,,,,,0.0400,0.1000
KXNVDAA,KXNVDAA-28JANHEAD-56000,1786420800,2026-08-11T04:00:00+00:00,0.00,93.00,,,,,0.0400,0.1200
KXNVDAA,KXNVDAA-28JANHEAD-56000,1786507200,2026-08-12T04:00:00+00:00,0.00,93.00,,,,,0.0300,0.1200
KXNVDAA,KXNVDAA-28JANHEAD-56000,1786593600,2026-08-13T04:00:00+00:00,0.00,93.00,,,,,0.0300,0.1200
KXNVDAA,KXNVDAA-28JANHEAD-56000,1786680000,2026-08-14T04:00:00+00:00,6.27,99.27,0.1200,0.1200,0.1200,0.1200,0.0300,0.1200
KXNVDAA,KXNVDAA-28JANHEAD-56000,1786766400,2026-08-15T04:00:00+00:00,0.00,99.27,,,,,0.0300,0.1200
KXNVDAA,KXNVDAA-28JANHEAD-56000,1786852800,2026-08-16T04:00:00+00:00,0.00,99.27,,,,,0.0300,0.1200
KXNVDAA,KXNVDAA-28JANHEAD-56000,1787112000,2026-08-19T04:00:00+00:00,0.00,99.27,,,,,0.0300,0.1200
KXNVDAA,KXNVDAA-28JANHEAD-56000,1787198400,2026-08-20T04:00:00+00:00,6.27,99.27,0.0300,0.0300,0.0200,0.0200,0.0300,0.1100
KXNVDAA,KXNVDAA-28JANHEAD-56000,1787284800,2026-08-21T04:00:00+00:00,0.00,99.27,,,,,0.0200,0.1100
KXNVDAA,KXNVDAA-28JANHEAD-56000,1787371200,2026-08-22T04:00:00+00:00,0.00,99.27,,,,,0.0200,0.1100
KXNVDAA,KXNVDAA-28JANHEAD-56000,1787457600,2026-08-23T04:00:00+00:00,5.22,99.27,0.0900,0.0900,0.0900,0.0900,0.0200,0.0900
KXNVDAA,KXNVDAA-28JANHEAD-56000,1787544000,2026-08-24T04:00:00+00:00,220.76,303.58,0.0900,0.2100,0.0900,0.0900,0.0400,0.1400
KXNVDAA,KXNVDAA-28JANHEAD-56000,1787630400,2026-08-25T04:00:00+00:00,0.00,303.58,,,,,0.0500,0.1100
KXNVDAA,KXNVDAA-28JANHEAD-56000,1787716800,2026-08-26T04:00:00+00:00,0.99,304.57,0.0500,0.0500,0.0500,0.0500,0.0500,0.1100
KXNVDAA,KXNVDAA-28JANHEAD-56000,1787803200,2026-08-27T04:00:00+00:00,49.72,347.08,0.1100,0.6200,0.0500,0.1000,0.1100,0.1900
KXNVDAA,KXNVDAA-28JANHEAD-56000,1787889600,2026-08-28T04:00:00+00:00,0.00,347.08,,,,,0.1000,0.2000
KXNVDAA,KXNVDAA-28JANHEAD-56000,1787976000,2026-08-29T04:00:00+00:00,0.00,347.08,,,,,0.1000,0.1900
KXNVDAA,KXNVDAA-28JANHEAD-56000,1788062400,2026-08-30T04:00:00+00:00,0.00,347.08,,,,,0.1100,0.1900
KXNVDAA,KXNVDAA-28JANHEAD-54000,1785556800,2026-08-01T04:00:00+00:00,0.00,2.00,,,,,0.0700,0.1300
KXNVDAA,KXNVDAA-28JANHEAD-54000,1785643200,2026-08-02T04:00:00+00:00,0.00,2.00,,,,,0.0800,0.1300
KXNVDAA,KXNVDAA-28JANHEAD-54000,1785902400,2026-08-05T04:00:00+00:00,0.00,2.00,,,,,0.0800,0.1300
KXNVDAA,KXNVDAA-28JANHEAD-54000,1785988800,2026-08-06T04:00:00+00:00,0.00,2.00,,,,,0.0700,0.1300
KXNVDAA,KXNVDAA-28JANHEAD-54000,1786075200,2026-08-07T04:00:00+00:00,0.00,2.00,,,,,0.0800,0.1300
KXNVDAA,KXNVDAA-28JANHEAD-54000,1786161600,2026-08-08T04:00:00+00:00,0.00,2.00,,,,,0.0800,0.1300
KXNVDAA,KXNVDAA-28JANHEAD-54000,1786248000,2026-08-09T04:00:00+00:00,0.00,2.00,,,,,0.0800,0.1300
KXNVDAA,KXNVDAA-28JANHEAD-54000,1786334400,2026-08-10T04:00:00+00:00,6.85,6.85,0.1300,0.1400,0.1300,0.1400,0.0800,0.1400
KXNVDAA,KXNVDAA-28JANHEAD-54000,1786420800,2026-08-11T04:00:00+00:00,0.00,6.85,,,,,0.1300,0.2000
KXNVDAA,KXNVDAA-28JANHEAD-54000,1786507200,2026-08-12T04:00:00+00:00,0.00,6.85,,,,,0.1000,0.1900
KXNVDAA,KXNVDAA-28JANHEAD-54000,1786593600,2026-08-13T04:00:00+00:00,0.00,6.85,,,,,0.1000,0.1900
KXNVDAA,KXNVDAA-28JANHEAD-54000,1786680000,2026-08-14T04:00:00+00:00,0.00,6.85,,,,,0.1000,0.1900
KXNVDAA,KXNVDAA-28JANHEAD-54000,1786766400,2026-08-15T04:00:00+00:00,0.00,6.85,,,,,0.1000,0.1900
KXNVDAA,KXNVDAA-28JANHEAD-54000,1786852800,2026-08-16T04:00:00+00:00,0.00,6.85,,,,,0.1000,0.1900
KXNVDAA,KXNVDAA-28JANHEAD-54000,1787025600,2026-08-18T04:00:00+00:00,0.00,6.85,,,,,0.0900,0.1900
KXNVDAA,KXNVDAA-28JANHEAD-54000,1787112000,2026-08-19T04:00:00+00:00,0.00,6.85,,,,,0.1000,0.1900
KXNVDAA,KXNVDAA-28JANHEAD-54000,1787198400,2026-08-20T04:00:00+00:00,0.00,6.85,,,,,0.1000,0.1900
KXNVDAA,KXNVDAA-28JANHEAD-54000,1787284800,2026-08-21T04:00:00+00:00,0.00,6.85,,,,,0.0900,0.1900
KXNVDAA,KXNVDAA-28JANHEAD-54000,1787371200,2026-08-22T04:00:00+00:00,99.60,11.85,0.1900,0.1900,0.0900,0.0900,0.0900,0.1700
KXNVDAA,KXNVDAA-28JANHEAD-54000,1787457600,2026-08-23T04:00:00+00:00,2.77,11.85,0.1700,0.1700,0.1700,0.1700,0.0300,0.6300
KXNVDAA,KXNVDAA-28JANHEAD-54000,1787544000,2026-08-24T04:00:00+00:00,56.49,38.23,0.6300,0.9600,0.3500,0.3500,0.2500,0.3500
KXNVDAA,KXNVDAA-28JANHEAD-54000,1787630400,2026-08-25T04:00:00+00:00,47.04,72.93,0.2500,0.3400,0.2400,0.3400,0.2500,0.3500
KXNVDAA,KXNVDAA-28JANHEAD-54000,1787716800,2026-08-26T04:00:00+00:00,12.82,85.75,0.3500,0.3500,0.3500,0.3500,0.2500,0.3500
KXNVDAA,KXNVDAA-28JANHEAD-54000,1787803200,2026-08-27T04:00:00+00:00,499.21,305.54,0.2600,0.9600,0.0800,0.3800,0.3400,0.3800
KXNVDAA,KXNVDAA-28JANHEAD-54000,1787889600,2026-08-28T04:00:00+00:00,519.57,808.87,0.3400,0.9700,0.3400,0.5000,0.4100,0.4900
KXNVDAA,KXNVDAA-28JANHEAD-54000,1787976000,2026-08-29T04:00:00+00:00,12.37,818.72,0.4900,0.4900,0.4300,0.4300,0.4200,0.4800
KXNVDAA,KXNVDAA-28JANHEAD-54000,1788062400,2026-08-30T04:00:00+00:00,0.09,818.81,0.4800,0.4800,0.4800,0.4800,0.4200,0.4800
KXNVDAA,KXNVDAA-28JANHEAD-52000,1785556800,2026-08-01T04:00:00+00:00,0.00,664.78,,,,,0.2400,0.2700
KXNVDAA,KXNVDAA-28JANHEAD-52000,1785729600,2026-08-03T04:00:00+00:00,105.70,664.78,0.2700,0.2700,0.2400,0.2400,0.2400,0.2700
KXNVDAA,KXNVDAA-28JANHEAD-52000,1786075200,2026-08-07T04:00:00+00:00,95.20,759.98,0.2800,0.2800,0.2800,0.2800,0.2500,0.2900
KXNVDAA,KXNVDAA-28JANHEAD-52000,1786161600,2026-08-08T04:00:00+00:00,0.00,759.98,,,,,0.2500,0.2900
KXNVDAA,KXNVDAA-28JANHEAD-52000,1786248000,2026-08-09T04:00:00+00:00,95.20,664.78,0.2500,0.2500,0.2500,0.2500,0.2400,0.2800
KXNVDAA,KXNVDAA-28JANHEAD-52000,1786334400,2026-08-10T04:00:00+00:00,17.00,681.78,0.2800,0.2800,0.2800,0.2800,0.2500,0.2900
KXNVDAA,KXNVDAA-28JANHEAD-52000,1786420800,2026-08-11T04:00:00+00:00,77.97,755.95,0.2900,0.9500,0.2900,0.9500,0.3600,0.4300
KXNVDAA,KXNVDAA-28JANHEAD-52000,1786507200,2026-08-12T04:00:00+00:00,26.34,735.95,0.4400,0.4400,0.3300,0.3300,0.3200,0.4000
KXNVDAA,KXNVDAA-28JANHEAD-52000,1786593600,2026-08-13T04:00:00+00:00,0.00,735.95,,,,,0.3100,0.4000
KXNVDAA,KXNVDAA-28JANHEAD-52000,1786680000,2026-08-14T04:00:00+00:00,0.00,735.95,,,,,0.3200,0.4000
KXNVDAA,KXNVDAA-28JANHEAD-52000,1786766400,2026-08-15T04:00:00+00:00,35.23,766.18,0.4000,0.4100,0.4000,0.4100,0.3200,0.4100
KXNVDAA,KXNVDAA-28JANHEAD-52000,1786852800,2026-08-16T04:00:00+00:00,28.77,794.28,0.4100,0.4100,0.4100,0.4100,0.3200,0.4200
KXNVDAA,KXNVDAA-28JANHEAD-52000,1786939200,2026-08-17T04:00:00+00:00,6.85,798.85,0.4200,0.4200,0.3200,0.4200,0.3200,0.4200
KXNVDAA,KXNVDAA-28JANHEAD-52000,1787025600,2026-08-18T04:00:00+00:00,0.14,798.99,0.3300,0.3300,0.3300,0.3300,0.3200,0.4100
KXNVDAA,KXNVDAA-28JANHEAD-52000,1787112000,2026-08-19T04:00:00+00:00,0.00,798.99,,,,,0.3200,0.4000
KXNVDAA,KXNVDAA-28JANHEAD-52000,1787198400,2026-08-20T04:00:00+00:00,0.00,798.99,,,,,0.3200,0.4000
KXNVDAA,KXNVDAA-28JANHEAD-52000,1787284800,2026-08-21T04:00:00+00:00,0.00,798.99,,,,,0.2900,0.3800
KXNVDAA,KXNVDAA-28JANHEAD-52000,1787371200,2026-08-22T04:00:00+00:00,4.79,803.64,0.3800,0.4100,0.3800,0.4100,0.3000,0.4000
KXNVDAA,KXNVDAA-28JANHEAD-52000,1787457600,2026-08-23T04:00:00+00:00,466.31,1149.97,0.3900,0.4600,0.3900,0.4300,0.0300,0.9600
KXNVDAA,KXNVDAA-28JANHEAD-52000,1787544000,2026-08-24T04:00:00+00:00,11.39,1151.60,0.8800,0.8800,0.5500,0.6500,0.5500,0.6500
KXNVDAA,KXNVDAA-28JANHEAD-52000,1787630400,2026-08-25T04:00:00+00:00,292.39,1146.89,0.5600,0.6300,0.5300,0.5800,0.5700,0.5900
KXNVDAA,KXNVDAA-28JANHEAD-52000,1787716800,2026-08-26T04:00:00+00:00,39.13,1133.92,0.6100,0.6100,0.5600,0.6100,0.5600,0.6100
KXNVDAA,KXNVDAA-28JANHEAD-52000,1787803200,2026-08-27T04:00:00+00:00,312.72,1142.95,0.5500,0.6400,0.0100,0.5800,0.6000,0.6500
KXNVDAA,KXNVDAA-28JANHEAD-52000,1787889600,2026-08-28T04:00:00+00:00,113.12,1206.25,0.6000,0.6700,0.5900,0.6700,0.6200,0.6700
KXNVDAA,KXNVDAA-28JANHEAD-52000,1787976000,2026-08-29T04:00:00+00:00,47.43,1204.52,0.7100,0.7100,0.6200,0.6900,0.6600,0.7100
KXNVDAA,KXNVDAA-28JANHEAD-52000,1788062400,2026-08-30T04:00:00+00:00,52.64,1207.60,0.6600,0.7000,0.6300,0.7000,0.6900,0.7000
KXNVDAA,KXNVDAA-28JANHEAD-50000,1785556800,2026-08-01T04:00:00+00:00,6.00,271.33,0.4800,0.4900,0.4800,0.4900,0.4200,0.5000
KXNVDAA,KXNVDAA-28JANHEAD-50000,1785643200,2026-08-02T04:00:00+00:00,0.00,271.33,,,,,0.4300,0.4900
KXNVDAA,KXNVDAA-28JANHEAD-50000,1785729600,2026-08-03T04:00:00+00:00,0.00,271.33,,,,,0.4300,0.4900
KXNVDAA,KXNVDAA-28JANHEAD-50000,1785816000,2026-08-04T04:00:00+00:00,0.00,271.33,,,,,0.4300,0.4900
KXNVDAA,KXNVDAA-28JANHEAD-50000,1785902400,2026-08-05T04:00:00+00:00,0.00,271.33,,,,,0.4200,0.4900
KXNVDAA,KXNVDAA-28JANHEAD-50000,1785988800,2026-08-06T04:00:00+00:00,20.68,292.01,0.4900,0.4900,0.4900,0.4900,0.4200,0.4900
KXNVDAA,KXNVDAA-28JANHEAD-50000,1786075200,2026-08-07T04:00:00+00:00,39.40,331.41,0.4900,0.4900,0.4900,0.4900,0.4500,0.5100
KXNVDAA,KXNVDAA-28JANHEAD-50000,1786161600,2026-08-08T04:00:00+00:00,26.96,340.97,0.4500,0.5100,0.4400,0.5100,0.4500,0.5100
KXNVDAA,KXNVDAA-28JANHEAD-50000,1786248000,2026-08-09T04:00:00+00:00,0.00,340.97,,,,,0.4400,0.5000
KXNVDAA,KXNVDAA-28JANHEAD-50000,1786334400,2026-08-10T04:00:00+00:00,58.79,399.76,0.5000,0.5200,0.5000,0.5200,0.4500,0.5200
KXNVDAA,KXNVDAA-28JANHEAD-50000,1786420800,2026-08-11T04:00:00+00:00,352.64,685.71,0.5200,0.8600,0.5200,0.5900,0.6000,0.6400
KXNVDAA,KXNVDAA-28JANHEAD-50000,1786507200,2026-08-12T04:00:00+00:00,371.52,526.47,0.6500,0.6600,0.2500,0.5200,0.5600,0.6100
KXNVDAA,KXNVDAA-28JANHEAD-50000,1786593600,2026-08-13T04:00:00+00:00,166.62,679.92,0.6100,0.6200,0.6100,0.6200,0.5200,0.6200
KXNVDAA,KXNVDAA-28JANHEAD-50000,1786680000,2026-08-14T04:00:00+00:00,3.15,683.07,0.6200,0.6200,0.6200,0.6200,0.5300,0.6200
KXNVDAA,KXNVDAA-28JANHEAD-50000,1786766400,2026-08-15T04:00:00+00:00,197.95,566.80,0.6200,0.6200,0.5200,0.6200,0.5500,0.6400
KXNVDAA,KXNVDAA-28JANHEAD-50000,1786852800,2026-08-16T04:00:00+00:00,40.90,607.70,0.6400,0.6500,0.6400,0.6500,0.5600,0.6500
KXNVDAA,KXNVDAA-28JANHEAD-50000,1786939200,2026-08-17T04:00:00+00:00,94.33,636.21,0.6500,0.6600,0.5500,0.6500,0.5700,0.6600
KXNVDAA,KXNVDAA-28JANHEAD-50000,1787025600,2026-08-18T04:00:00+00:00,15.76,646.07,0.6600,0.6600,0.5700,0.6600,0.5700,0.6600
KXNVDAA,KXNVDAA-28JANHEAD-50000,1787112000,2026-08-19T04:00:00+00:00,94.77,647.54,0.6600,0.6600,0.5400,0.5400,0.5400,0.6200
KXNVDAA,KXNVDAA-28JANHEAD-50000,1787198400,2026-08-20T04:00:00+00:00,78.85,618.11,0.5400,0.6200,0.5200,0.5300,0.5300,0.6200
KXNVDAA,KXNVDAA-28JANHEAD-50000,1787284800,2026-08-21T04:00:00+00:00,3.29,618.11,0.5900,0.5900,0.5900,0.5900,0.5000,0.5900
KXNVDAA,KXNVDAA-28JANHEAD-50000,1787371200,2026-08-22T04:00:00+00:00,101.69,651.91,0.5000,0.6200,0.5000,0.6200,0.5300,0.6300
KXNVDAA,KXNVDAA-28JANHEAD-50000,1787457600,2026-08-23T04:00:00+00:00,96.13,707.75,0.6300,0.8800,0.6300,0.8300,0.1900,0.8800
KXNVDAA,KXNVDAA-28JANHEAD-50000,1787544000,2026-08-24T04:00:00+00:00,116.38,698.21,0.8900,0.9000,0.0100,0.7400,0.7400,0.8200
KXNVDAA,KXNVDAA-28JANHEAD-50000,1787630400,2026-08-25T04:00:00+00:00,104.82,679.30,0.7500,0.7900,0.7100,0.7200,0.7200,0.7700
KXNVDAA,KXNVDAA-28JANHEAD-50000,1787716800,2026-08-26T04:00:00+00:00,22.94,674.24,0.7700,0.8100,0.7300,0.8100,0.7300,0.8000
KXNVDAA,KXNVDAA-28JANHEAD-50000,1787803200,2026-08-27T04:00:00+00:00,73.76,677.77,0.7400,0.8200,0.7200,0.8200,0.7600,0.8200
KXNVDAA,KXNVDAA-28JANHEAD-50000,1787889600,2026-08-28T04:00:00+00:00,68.46,652.00,0.7500,0.8200,0.4800,0.7800,0.8000,0.8400
KXNVDAA,KXNVDAA-28JANHEAD-50000,1787976000,2026-08-29T04:00:00+00:00,15.41,645.36,0.8600,0.8700,0.8000,0.8000,0.8000,0.8600
KXNVDAA,KXNVDAA-28JANHEAD-50000,1788062400,2026-08-30T04:00:00+00:00,5.71,641.65,0.8600,0.8600,0.8000,0.8000,0.8000,0.8600
KXNVDAA,KXNVDAA-28JANHEAD-48000,1785556800,2026-08-01T04:00:00+00:00,94.10,572.72,0.7300,0.7300,0.7300,0.7300,0.7000,0.7400
KXNVDAA,KXNVDAA-28JANHEAD-48000,1785643200,2026-08-02T04:00:00+00:00,96.66,481.22,0.7400,0.7400,0.6900,0.7300,0.6800,0.7300
KXNVDAA,KXNVDAA-28JANHEAD-48000,1785729600,2026-08-03T04:00:00+00:00,134.44,481.22,0.7300,0.7300,0.6900,0.6900,0.6800,0.7300
KXNVDAA,KXNVDAA-28JANHEAD-48000,1785902400,2026-08-05T04:00:00+00:00,13.44,494.66,0.7300,0.7300,0.7300,0.7300,0.6800,0.7300
KXNVDAA,KXNVDAA-28JANHEAD-48000,1786075200,2026-08-07T04:00:00+00:00,13.70,486.48,0.7400,0.7400,0.6900,0.6900,0.7000,0.7400
KXNVDAA,KXNVDAA-28JANHEAD-48000,1786161600,2026-08-08T04:00:00+00:00,25.20,509.03,0.7400,0.7400,0.7000,0.7400,0.7000,0.7400
KXNVDAA,KXNVDAA-28JANHEAD-48000,1786248000,2026-08-09T04:00:00+00:00,17.34,526.37,0.7400,0.7400,0.7400,0.7400,0.7000,0.7400
KXNVDAA,KXNVDAA-28JANHEAD-48000,1786334400,2026-08-10T04:00:00+00:00,109.33,597.72,0.7000,0.7500,0.6900,0.7500,0.7100,0.7600
KXNVDAA,KXNVDAA-28JANHEAD-48000,1786420800,2026-08-11T04:00:00+00:00,187.90,631.26,0.7600,0.9800,0.7600,0.7800,0.7800,0.8300
KXNVDAA,KXNVDAA-28JANHEAD-48000,1786507200,2026-08-12T04:00:00+00:00,0.00,631.26,,,,,0.7500,0.8300
KXNVDAA,KXNVDAA-28JANHEAD-48000,1786593600,2026-08-13T04:00:00+00:00,1.00,631.26,0.8300,0.8300,0.8300,0.8300,0.7400,0.8300
KXNVDAA,KXNVDAA-28JANHEAD-48000,1786680000,2026-08-14T04:00:00+00:00,0.00,631.26,,,,,0.7500,0.8300
KXNVDAA,KXNVDAA-28JANHEAD-48000,1786766400,2026-08-15T04:00:00+00:00,33.85,657.90,0.8300,0.9300,0.8300,0.9300,0.7500,0.8400
KXNVDAA,KXNVDAA-28JANHEAD-48000,1786852800,2026-08-16T04:00:00+00:00,31.64,633.26,0.8400,0.8400,0.7300,0.7300,0.7400,0.8200
KXNVDAA,KXNVDAA-28JANHEAD-48000,1786939200,2026-08-17T04:00:00+00:00,1.00,633.26,0.7400,0.7400,0.7400,0.7400,0.7300,0.8200
KXNVDAA,KXNVDAA-28JANHEAD-48000,1787025600,2026-08-18T04:00:00+00:00,0.00,633.26,,,,,0.7300,0.8200
KXNVDAA,KXNVDAA-28JANHEAD-48000,1787112000,2026-08-19T04:00:00+00:00,34.34,633.22,0.8200,0.8400,0.7400,0.7400,0.7500,0.8400
KXNVDAA,KXNVDAA-28JANHEAD-48000,1787198400,2026-08-20T04:00:00+00:00,0.00,633.22,,,,,0.7500,0.8400
KXNVDAA,KXNVDAA-28JANHEAD-48000,1787284800,2026-08-21T04:00:00+00:00,91.41,633.22,0.7400,0.7400,0.7400,0.7400,0.7100,0.8100
KXNVDAA,KXNVDAA-28JANHEAD-48000,1787371200,2026-08-22T04:00:00+00:00,9.67,642.89,0.8100,0.8400,0.8000,0.8400,0.7400,0.8400
KXNVDAA,KXNVDAA-28JANHEAD-48000,1787457600,2026-08-23T04:00:00+00:00,15.48,639.31,0.7400,0.8300,0.7400,0.8300,0.2600,0.8300
KXNVDAA,KXNVDAA-28JANHEAD-48000,1787544000,2026-08-24T04:00:00+00:00,101.89,663.29,0.9800,0.9800,0.9800,0.9800,0.9000,0.9100
KXNVDAA,KXNVDAA-28JANHEAD-48000,1787630400,2026-08-25T04:00:00+00:00,0.00,663.29,,,,,0.8100,0.9000
KXNVDAA,KXNVDAA-28JANHEAD-48000,1787716800,2026-08-26T04:00:00+00:00,224.36,882.38,0.9000,0.9800,0.9000,0.9400,0.8500,0.9400
KXNVDAA,KXNVDAA-28JANHEAD-48000,1787803200,2026-08-27T04:00:00+00:00,170.81,929.94,0.8600,0.9500,0.8100,0.8100,0.8100,0.8900
KXNVDAA,KXNVDAA-28JANHEAD-48000,1787889600,2026-08-28T04:00:00+00:00,300.55,676.88,0.8900,0.8900,0.8000,0.8500,0.8400,0.8500
KXNVDAA,KXNVDAA-28JANHEAD-48000,1787976000,2026-08-29T04:00:00+00:00,24.81,679.88,0.8500,0.8800,0.8300,0.8800,0.8400,0.8800
KXNVDAA,KXNVDAA-28JANHEAD-48000,1788062400,2026-08-30T04:00:00+00:00,0.00,679.88,,,,,0.8400,0.8900
KXNVDAA,KXNVDAA-28JANHEAD-46000,1785556800,2026-08-01T04:00:00+00:00,0.00,474.79,,,,,0.8900,0.9200
KXNVDAA,KXNVDAA-28JANHEAD-46000,1786334400,2026-08-10T04:00:00+00:00,0.00,474.79,,,,,0.8900,0.9300
KXNVDAA,KXNVDAA-28JANHEAD-46000,1786420800,2026-08-11T04:00:00+00:00,0.00,474.79,,,,,0.9100,0.9800
KXNVDAA,KXNVDAA-28JANHEAD-46000,1786507200,2026-08-12T04:00:00+00:00,0.00,474.79,,,,,0.8900,0.9800
KXNVDAA,KXNVDAA-28JANHEAD-46000,1786593600,2026-08-13T04:00:00+00:00,0.00,474.79,,,,,0.8800,0.9800
KXNVDAA,KXNVDAA-28JANHEAD-46000,1786680000,2026-08-14T04:00:00+00:00,0.00,474.79,,,,,0.8900,0.9800
KXNVDAA,KXNVDAA-28JANHEAD-46000,1786766400,2026-08-15T04:00:00+00:00,0.00,474.79,,,,,0.8800,0.9800
KXNVDAA,KXNVDAA-28JANHEAD-46000,1786852800,2026-08-16T04:00:00+00:00,0.00,474.79,,,,,0.8900,0.9800
KXNVDAA,KXNVDAA-28JANHEAD-46000,1786939200,2026-08-17T04:00:00+00:00,0.00,474.79,,,,,0.8800,0.9800
KXNVDAA,KXNVDAA-28JANHEAD-46000,1787025600,2026-08-18T04:00:00+00:00,20.37,474.79,0.9800,0.9800,0.9800,0.9800,0.8900,0.9900
KXNVDAA,KXNVDAA-28JANHEAD-46000,1787112000,2026-08-19T04:00:00+00:00,0.00,474.79,,,,,0.8900,0.9800
KXNVDAA,KXNVDAA-28JANHEAD-46000,1787198400,2026-08-20T04:00:00+00:00,0.00,474.79,,,,,0.8900,0.9800
KXNVDAA,KXNVDAA-28JANHEAD-46000,1787284800,2026-08-21T04:00:00+00:00,0.00,474.79,,,,,0.8700,0.9700
KXNVDAA,KXNVDAA-28JANHEAD-46000,1787371200,2026-08-22T04:00:00+00:00,0.00,474.79,,,,,0.8800,0.9800
KXNVDAA,KXNVDAA-28JANHEAD-46000,1787457600,2026-08-23T04:00:00+00:00,5.09,474.79,0.9800,0.9800,0.0500,0.0500,0.0500,0.9700
KXNVDAA,KXNVDAA-28JANHEAD-46000,1787544000,2026-08-24T04:00:00+00:00,0.00,474.79,,,,,0.9000,0.9800
KXNVDAA,KXNVDAA-28JANHEAD-46000,1787630400,2026-08-25T04:00:00+00:00,0.00,474.79,,,,,0.9000,0.9800
KXNVDAA,KXNVDAA-28JANHEAD-46000,1787716800,2026-08-26T04:00:00+00:00,0.00,474.79,,,,,0.9100,0.9800
KXNVDAA,KXNVDAA-28JANHEAD-46000,1787803200,2026-08-27T04:00:00+00:00,0.00,474.79,,,,,0.9100,0.9800
KXNVDAA,KXNVDAA-28JANHEAD-46000,1787889600,2026-08-28T04:00:00+00:00,0.00,474.79,,,,,0.9100,0.9800
KXNVDAA,KXNVDAA-28JANHEAD-46000,1787976000,2026-08-29T04:00:00+00:00,0.00,474.79,,,,,0.9100,0.9800
KXNVDAA,KXNVDAA-28JANHEAD-46000,1788062400,2026-08-30T04:00:00+00:00,0.00,474.79,,,,,0.9100,0.9800
KXB200WS,KXB200WS-26OCT09-9.000,1787976000,2026-08-29T04:00:00+00:00,0.00,0.00,,,,,0.0100,0.0400
KXB200WS,KXB200WS-26OCT09-9.000,1788062400,2026-08-30T04:00:00+00:00,0.00,0.00,,,,,0.0100,0.0400
KXB200WS,KXB200WS-26OCT09-8.500,1787976000,2026-08-29T04:00:00+00:00,0.00,0.00,,,,,0.0300,0.0600
KXB200WS,KXB200WS-26OCT09-8.500,1788062400,2026-08-30T04:00:00+00:00,0.00,0.00,,,,,0.0200,0.0600
KXB200WS,KXB200WS-26OCT09-8.000,1787976000,2026-08-29T04:00:00+00:00,0.00,0.00,,,,,0.0600,0.1000
KXB200WS,KXB200WS-26OCT09-8.000,1788062400,2026-08-30T04:00:00+00:00,0.00,0.00,,,,,0.0500,0.0900
KXB200WS,KXB200WS-26OCT09-7.500,1787976000,2026-08-29T04:00:00+00:00,0.00,0.00,,,,,0.1000,0.1400
KXB200WS,KXB200WS-26OCT09-7.500,1788062400,2026-08-30T04:00:00+00:00,0.00,0.00,,,,,0.1000,0.1500
KXB200WS,KXB200WS-26OCT09-7.000,1787976000,2026-08-29T04:00:00+00:00,0.00,0.00,,,,,0.1900,0.2200
KXB200WS,KXB200WS-26OCT09-7.000,1788062400,2026-08-30T04:00:00+00:00,0.00,0.00,,,,,0.1900,0.2500
KXB200WS,KXB200WS-26OCT09-6.500,1787976000,2026-08-29T04:00:00+00:00,0.00,0.00,,,,,0.3300,0.4300
KXB200WS,KXB200WS-26OCT09-6.500,1788062400,2026-08-30T04:00:00+00:00,0.00,0.00,,,,,0.3200,0.3500
KXB200WS,KXB200WS-26OCT09-6.000,1787976000,2026-08-29T04:00:00+00:00,0.00,0.00,,,,,0.5000,0.5100
KXB200WS,KXB200WS-26OCT09-6.000,1788062400,2026-08-30T04:00:00+00:00,0.00,0.00,,,,,0.4800,0.4900
KXB200WS,KXB200WS-26OCT09-5.500,1787976000,2026-08-29T04:00:00+00:00,200.00,200.00,0.7500,0.7500,0.7500,0.7500,0.7600,0.7700
KXB200WS,KXB200WS-26OCT09-5.500,1788062400,2026-08-30T04:00:00+00:00,0.00,200.00,,,,,0.7400,0.7500
KXB200WS,KXB200WS-26OCT09-5.000,1787976000,2026-08-29T04:00:00+00:00,1363.00,1363.00,0.8600,0.9200,0.8600,0.9200,0.9100,0.9200
KXB200WS,KXB200WS-26OCT09-5.000,1788062400,2026-08-30T04:00:00+00:00,75.00,1438.00,0.9200,0.9200,0.9100,0.9100,0.9000,0.9100
